{
    "client": "Thunder Client",
    "collectionName": "Ocean-Breeze",
    "dateExported": "2024-04-16T09:17:15.536Z",
    "version": "1.1",
    "folders": [
        {
            "_id": "63015250-e221-402c-b3ad-29e1e08c88d4",
            "name": "Hotel",
            "containerId": "",
            "created": "2024-04-16T08:21:36.191Z",
            "sortNum": 10000
        }
    ],
    "requests": [
        {
            "_id": "cddb79f0-8be1-4bf2-bebf-b787ff64db61",
            "colId": "750e67a0-bb58-457c-9ccb-b6c3dc5a3697",
            "containerId": "",
            "name": "test",
            "url": "/hotel/test",
            "method": "GET",
            "sortNum": 10000,
            "created": "2024-04-16T08:09:21.124Z",
            "modified": "2024-04-16T08:09:33.717Z",
            "headers": [],
            "params": [],
            "tests": []
        },
        {
            "_id": "b3a142a9-8b1c-4880-a0ca-cdb65174145d",
            "colId": "750e67a0-bb58-457c-9ccb-b6c3dc5a3697",
            "containerId": "63015250-e221-402c-b3ad-29e1e08c88d4",
            "name": "Save",
            "url": "/hotel/save",
            "method": "POST",
            "sortNum": 20000,
            "created": "2024-04-16T08:21:44.986Z",
            "modified": "2024-04-16T08:26:26.948Z",
            "headers": [],
            "params": [],
            "body": {
                "type": "formencoded",
                "raw": "",
                "form": [
                    {
                        "name": "name",
                        "value": "Ocean Breeze"
                    },
                    {
                        "name": "address",
                        "value": "3165 Harrison Ct"
                    },
                    {
                        "name": "stars",
                        "value": "4"
                    },
                    {
                        "name": "phone",
                        "value": "381 585 5194"
                    },
                    {
                        "name": "email",
                        "value": "oceanBreeze@gmail.com"
                    }
                ]
            },
            "tests": []
        },
        {
            "_id": "4b7bb9d3-eca5-4608-9b67-2d16a4dbf0e2",
            "colId": "750e67a0-bb58-457c-9ccb-b6c3dc5a3697",
            "containerId": "63015250-e221-402c-b3ad-29e1e08c88d4",
            "name": "Update",
            "url": "/hotel/update/661e36a2d164f6f5f06c3726",
            "method": "PUT",
            "sortNum": 30000,
            "created": "2024-04-16T08:46:29.172Z",
            "modified": "2024-04-16T08:50:45.467Z",
            "headers": [],
            "params": [],
            "body": {
                "type": "formencoded",
                "raw": "",
                "form": [
                    {
                        "name": "phone",
                        "value": "5486 5578"
                    }
                ]
            },
            "tests": []
        },
        {
            "_id": "0940c3a2-8b88-4667-85e0-c2198e29a5b3",
            "colId": "750e67a0-bb58-457c-9ccb-b6c3dc5a3697",
            "containerId": "63015250-e221-402c-b3ad-29e1e08c88d4",
            "name": "List",
            "url": "/hotel/list",
            "method": "GET",
            "sortNum": 40000,
            "created": "2024-04-16T09:11:43.380Z",
            "modified": "2024-04-16T09:12:23.405Z",
            "headers": [],
            "params": [],
            "tests": []
        },
        {
            "_id": "f51f2dec-a9f0-4c45-bb7a-206740b924b6",
            "colId": "750e67a0-bb58-457c-9ccb-b6c3dc5a3697",
            "containerId": "63015250-e221-402c-b3ad-29e1e08c88d4",
            "name": "Delete",
            "url": "/hotel/delete/661e41802585c6099e9ed922",
            "method": "DELETE",
            "sortNum": 50000,
            "created": "2024-04-16T09:16:13.890Z",
            "modified": "2024-04-16T09:16:57.694Z",
            "headers": [],
            "params": [],
            "tests": []
        }
    ],
    "settings": {
        "options": {
            "baseUrl": "localhost:2880"
        }
    }
}